{"pager":{"page":1,"pageCount":1,"total":1,"pageSize":50},"sqlViews":[{"created":"2017-07-26T12:48:17.297","lastUpdated":"2017-07-28T12:50:24.100","name":"Tabular_OrgunitMatrix","href":"http://localhost:8080/dhis/api/sqlViews/OGFjqZDohJF","id":"OGFjqZDohJF","sqlQuery":"select org.uid\r\n\t\t\t, EXTRACT(${periodType} FROM event.executiondate ) AS periodIdx\r\n      , extract(year from event.executiondate) as yyyy\r\n\t\t\t, count( event.programstageinstanceid )\r\nfrom programstageinstance event\r\ninner join programinstance pi on pi.programinstanceid=event.programinstanceid\r\ninner join program prg on prg.programid=pi.programid\r\ninner join organisationunit org on event.organisationunitid=org.organisationunitid\r\n\r\nwhere prg.uid='${programId}'\r\nand org.parentid = ( select organisationunitid from organisationunit where uid='${ouParentId}' )\r\n\r\ngroup by 1,2,3","displayName":"Tabular_OrgunitMatrix","publicAccess":"rw------","description":"","type":"QUERY","externalAccess":false,"cacheStrategy":"RESPECT_SYSTEM_SETTING","access":{"read":true,"update":true,"externalize":true,"delete":true,"write":true,"manage":true},"user":{"id":"th6P57GMxN8"},"userGroupAccesses":[],"attributeValues":[],"translations":[]}

,{"created":"2017-08-07T21:06:18.039","lastUpdated":"2017-08-07T21:38:24.502","name":"Tabular_ProgramListByOUParent","href":"http://localhost:8080/dhis/api/sqlViews/MCxNK3CmTbO","id":"MCxNK3CmTbO","sqlQuery":"\r\nselect DISTINCT( prg.uid), prg.name, petype.name, prg.expirydays, prg.completeeventsexpirydays\r\nfrom program prg\r\ninner join program_organisationunits prgorg on prg.programid=prgorg.programid\r\ninner join organisationunit org on prgorg.organisationunitid=org.organisationunitid\r\nleft outer join periodtype petype on petype.periodtypeid=prg.expiryperiodtypeid\r\nwhere org.parentid = ( select organisationunitid from organisationunit where uid='${ouId}' )","displayName":"Tabular_ProgramListByOUParent","publicAccess":"rw------","description":"","type":"QUERY","externalAccess":false,"cacheStrategy":"RESPECT_SYSTEM_SETTING","access":{"read":true,"update":true,"externalize":true,"delete":true,"write":true,"manage":true},"user":{"id":"th6P57GMxN8"},"userGroupAccesses":[],"attributeValues":[],"translations":[]}
]}