<?xml version='1.0' encoding='UTF-8'?><metaData xmlns="http://dhis2.org/schema/dxf/2.0" created="2016-06-28T07:41:28.385+0000"><sqlViews><sqlView name="UserManagementApp_filterOUs_1" created="2016-06-25T00:28:48.761+0000" lastUpdated="2016-06-28T07:38:42.168+0000" id="IINus4QopaI"><externalAccess>false</externalAccess><publicAccess>rw------</publicAccess><user name="Tran Chau" created="2015-02-03T08:06:59.604+0000" lastUpdated="2016-06-28T07:34:29.103+0000" id="Z53M949egPe"><externalAccess>false</externalAccess></user><description></description><sqlQuery>select DISTINCT uinf.useruid , uinf.userid , uinf.firstname , uinf.surname , uinf.username , uinf.disabled , uinf.lastlogin , ( select attval.value from userattributevalues userattr inner join "attributevalue" attval on attval.attributevalueid=userattr.attributevalueid inner join "attribute" attr on attr.attributeid=attval.attributeid where attr.uid='JVQcj5tqW9U' and userattr.userinfoid=uinf.userinfoid ) as "expirationdate" , ( select array_to_string(array( select ursrole.uid from view_userlist _urs inner join userrolemembers rolemember on rolemember.userid = _urs.userid inner join userrole ursrole on ursrole.userroleid = rolemember.userroleid where _urs.userid = uinf.userid ), ', ') ) as userrole_list , ( select array_to_string(array( select usrgroup.uid from view_userlist _urs inner join usergroupmembers groupmember on groupmember.userid = _urs.userid inner join usergroup usrgroup on usrgroup.usergroupid = groupmember.usergroupid where _urs.userid = uinf.userid ), ', ') ) as usergroup_list , '', 

( select optvalue.name from userattributevalues userattr inner join "attributevalue" attval on attval.attributevalueid=userattr.attributevalueid inner join "attribute" attr on attr.attributeid=attval.attributeid inner join "optionvalue" optvalue on attr.optionsetid=optvalue.optionsetid where attr.uid='orxXFRp6Y4i' and userattr.userinfoid=uinf.userinfoid and attval.value=optvalue.code )  as "functionalArea" ,  

( select optvalue.name from userattributevalues userattr inner join "attributevalue" attval on attval.attributevalueid=userattr.attributevalueid inner join "attribute" attr on attr.attributeid=attval.attributeid inner join "optionvalue" optvalue on attr.optionsetid=optvalue.optionsetid where attr.uid='mhfjsIHF3si' and userattr.userinfoid=uinf.userinfoid and attval.value=optvalue.code ) as "utilisationOptions" ,  

( select optvalue.name from userattributevalues userattr inner join "attributevalue" attval on attval.attributevalueid=userattr.attributevalueid inner join "attribute" attr on attr.attributeid=attval.attributeid inner join "optionvalue" optvalue on attr.optionsetid=optvalue.optionsetid where attr.uid='QVPMOndpH7Z' and userattr.userinfoid=uinf.userinfoid and attval.value=optvalue.code) as "IPPFRelation" ,  

( select array_to_string(array( select ursrole.name from view_userlist _urs inner join userrolemembers rolemember on rolemember.userid = _urs.userid inner join userrole ursrole on ursrole.userroleid = rolemember.userroleid where _urs.userid = uinf.userid ), ', ') ) as userrole_name_list , 

( select array_to_string(array( select usrgroup.name from view_userlist _urs inner join usergroupmembers groupmember on groupmember.userid = _urs.userid inner join usergroup usrgroup on usrgroup.usergroupid = groupmember.usergroupid where _urs.userid = uinf.userid ), ', ') ) as usergroup_name_list   


from view_userlist uinf  where uinf.useruid not in ( select uinf.useruid from view_userlist uinf inner join usermembership orgmember on orgmember.userinfoid = uinf.userinfoid  inner join organisationunit org on org.organisationunitid=orgmember.organisationunitid ) order by username  

</sqlQuery><type>QUERY</type><cacheStrategy>RESPECT_SYSTEM_SETTING</cacheStrategy></sqlView></sqlViews></metaData>